Processor_DPC_Rate,Processor_pct_ Idle_Time,Processor_pct_ C3_Time,Processor_pct_ Interrupt_Time,Processor_pct_ C2_Time,Processor_pct_ User_Time,Processor_pct_ C1_Time,Processor_pct_ Processor_Time,Processor_C1_ransitions_sec,Processor_pct_ DPC_Time,Processor_C2_ransitions_sec,Processor_pct_ Privileged_Time,Processor_C3_ransitions_sec,Processor_DPCs_Queued_sec,Processor_Interrupts_sec,Process_Pool_Paged Bytes,Process_IO Read_Operations_sec,Process_Working_Set_ Private,Process_Working_Set_Peak,Process_IO_Write Operations_sec,Process_Page_File Bytes,Process_pct_ User_Time,Process_Virtual_Bytes Peak,Process_Page_File Bytes Peak,Process_IO_Other_Bytes_sec,Process_Private_Bytes,Process_IO_Write_Bytes_sec,Process_Elapsed_Time,Process_Virtual_Bytes,Process_pct_ Processor_Time,Process_Creating Process ID,Process_Pool Nonpaged Bytes,Process_Working Set,Process_Page Faults_sec,Process_ID Process,Process_IO Other Operations_sec,Process_IO Data Operations_sec,Process_Thread Count,Process_pct_ Privileged_Time,Process_IO Data Bytes_sec,Process_IO Read Bytes_sec,Process_Priority Base,Process_Handle Count,Network_I(Intel R _82574L_GNC)TCP_APS,Network_I(Intel R _82574L_GNC) Packets Received Unknown,Network_I(Intel R _82574L_GNC) Bytes Received sec,Network_I(Intel R _82574L_GNC) Bytes Sent sec,Network_I(Intel R _82574L_GNC) Packets Outbound Errors,Network_I(Intel R _82574L_GNC) Packets Received Discarded,Network_I(Intel R _82574L_GNC) Bytes Total sec,Network_I(Intel R _82574L_GNC) Packets Outbound Discarded,Network_I(Intel R _82574L_GNC) TCP RSC Exceptions sec,Network_I(Intel R _82574L_GNC) Packets Sent Unicast sec,Network_I(Intel R _82574L_GNC) Output Queue Length,Network_I(Intel R _82574L_GNC) Packets Received sec,Network_I(Intel R _82574L_GNC) Current Bandwidth,Network_I(Intel R _82574L_GNC) Packets sec,Network_I(Intel R _82574L_GNC) TCP Active RSC Connections,Network_I(Intel R _82574L_GNC) Packets Sent sec,Network_I(Intel R _82574L_GNC) Packets Received Unicast sec,Network_I(Intel R _82574L_GNC) Packets Sent Non-Unicast sec,Network_I(Intel R _82574L_GNC) Packets Received Non-Unicast sec,Network_I(Intel R _82574L_GNC) TCP RSC Coalesced Packets sec,Network_I(Intel R _82574L_GNC) Offloaded Connections,Network_I(Intel R _82574L_GNC) Packets Received Errors,Memory Pool Paged Bytes,Memory Free & Zero Page List Bytes,Memory Cache Bytes Peak,Memory System Code Resident Bytes,Memory Available Bytes,Memory Commit Limit,Memory Transition Pages RePurposed sec,Memory Pages Output sec,Memory Page Reads sec,Memory Demand Zero Faults sec,Memory Available KBytes,Memory Pages sec,Memory Cache Bytes,Memory Pool Nonpaged Bytes,Memory Page Faults sec,Memory Transition Faults sec,Memory System Cache Resident Bytes,Memory Long-Term Average Standby Cache Lifetime (s),Memory Standby Cache Reserve Bytes,Memory Page Writes sec,Memory System Code Total Bytes,Memory Standby Cache Core Bytes,Memory System Driver Resident Bytes,Memory Standby Cache Normal Priority Bytes,Memory Pool Paged Allocs,Memory Pool Nonpaged Allocs,Memory pct_ Committed Bytes In Use,Memory Free System Page Table Entries,Memory Available MBytes,Memory Modified Page List Bytes,Memory Cache Faults sec,Memory Committed Bytes,Memory System Driver Total Bytes,Memory Pages Input sec,Memory Pool Paged Resident Bytes,Memory Write Copies sec,LogicalDisk(_Total) Avg  Disk Bytes Write,LogicalDisk(_Total) pct_ Idle Time,LogicalDisk(_Total) Disk Reads sec,LogicalDisk(_Total) pct_ Free Space,LogicalDisk(_Total) Disk Read Bytes sec,LogicalDisk(_Total) Avg  Disk sec Read,LogicalDisk(_Total) Disk Writes sec,LogicalDisk(_Total) Current Disk Queue Length,LogicalDisk(_Total) Split IO Sec,LogicalDisk(_Total) Free Megabytes,LogicalDisk(_Total) Avg  Disk sec Write,LogicalDisk(_Total) Disk Bytes sec,LogicalDisk(_Total) Avg  Disk Read Queue Length,LogicalDisk(_Total) pct_ Disk Time,LogicalDisk(_Total) Avg  Disk Bytes Read,LogicalDisk(_Total) Avg  Disk Write Queue Length,LogicalDisk(_Total) Avg  Disk Queue Length,LogicalDisk(_Total) pct_ Disk Read Time,LogicalDisk(_Total) Disk Write Bytes sec,LogicalDisk(_Total) Disk Transfers sec,LogicalDisk(_Total) Avg  Disk Bytes Transfer,LogicalDisk(_Total) pct_ Disk Write Time,LogicalDisk(_Total) Avg  Disk sec Transfer,type
17,0,0,1.170522789,0,38.15904291,0,100,0,2.41908043,0,61.41342898,0,306.1790845,1590.133334,29781168,64.13278051,1026715648,4196339712,303.3820162,1532198912,75.84987671,2.85E+14,2353979392,117262.5936,1532198912,364423.2371,0,2.85E+14,189.7807615,0,2902256,3097710592,3539.390259,0,1592.630716,367.5147967,1827,113.9308848,394999.689,30576.4519,0,55958,12394,0,215290.3477,4022.384019,0,0,219312.7317,0,0,33.96440089,0,184.6065084,1000000000,218.5709093,25,33.96440089,184.6065084,0,0,0,0,0,404406272,13029376,152952832,0,1632112640,5770170368,936.9179881,0,23.57529003,3471.861038,1593860,94.00147423,148488192,124801024,4540.441028,1437.49332,148488192,2376,553553920,0,0,143253504,8503296,922275840,0,0,43.31913852,12262157,1556,68939776,142.6504837,2499588096,17735680,94.00147423,391794688,57.43979563,16380.38588,97.19310577,14.38492273,82.99204057,323347.4898,0.002889455,42.45550112,2,2.097801232,169854,0.001692977,1018784.981,0.041560139,3.79281634,22478.22222,0.071868506,0.113428645,1.38968492,695437.4911,56.84042385,17923.5993,2.403132421,0.001995776,dos
11,0,0,0.546510062,0,65.1127703,0,100,0,0.312291464,0,34.82049826,0,266.8593221,1614.339102,32343712,102.4691858,1056952320,4486959104,35.85422778,1681776640,130.0693949,2.94E+14,2520064000,185892.7856,1681776640,68970.2512,0,2.94E+14,196.7436225,0,3068256,3271036928,5113.971402,0,1260.79045,138.3234136,1937,66.67422762,113507.1944,44536.94325,0,58880,12312,0,4068.306319,495.0679863,0,0,4563.374305,0,0,2.59668502,0,60.42286296,1000000000,63.01954798,28,2.59668502,60.42286296,0,0,0,0,0,409092096,2334720,152952832,0,1507831808,5770170368,77.9005506,0,29.86187773,4632.885566,1472492,57.22694294,152576000,126361600,5556.606325,820.7522113,152576000,1877,442064896,0,0,142266368,8503296,921165824,0,0,45.76736683,12252930,1437,153047040,186.8614489,2640855040,17735680,57.22694294,395915264,64.417763,157323.6364,99.69880213,4.993625038,82.99204057,120371.1318,0.002598482,4.394390034,0,1.29834251,169854,0.002336014,811712.5515,0.01298374,0.775178367,24104.96,0.010271601,0.023255341,0.432790999,691341.4197,9.388015072,86462.6383,0.342387367,0.002475624,dos
0,0,0,0.78081667,0,68.94611198,0,100,0,1.015061671,0,31.15458514,0,295.7797509,1365.406524,31974392,101.2930655,1049182208,4466798592,31.49784366,1672732672,134.3004673,2.91E+14,2513719296,215867.3217,1672732672,190254.7752,0,2.91E+14,187.7083275,0,3035264,3248103424,1602.3903,0,1176.01949,132.7909091,1917,53.40786024,288431.154,98176.37885,0,58433,12289,0,30298.42577,441.9697428,0,0,30740.39551,0,0,7.299500276,0,65.29552987,1000000000,72.59503014,26,7.299500276,65.29552987,0,0,0,0,0,410525696,1855488,153149440,0,1497313280,5770170368,355.8756368,0,12.19916485,2434.033366,1462220,15.79891841,149086208,127184896,2637.319449,103.592908,149086208,1875,429158400,0,0,142213120,8503296,924086272,0,0,45.95214281,12249877,1427,151105536,192.6868087,2651516928,17735680,15.79891841,397352960,1.099924699,13315.93342,98.20257951,3.79973987,82.99204057,41673.947,0.002162613,78.09465364,0,1.79987678,169854,0.000795434,1081577.155,0.008213372,2.343409478,10967.57895,0.062088903,0.070302274,0.273779061,1039903.208,81.89439351,13206.97436,2.069629418,0.000858868,dos
0,0,0,0.468739969,0,66.0142123,0,100,0,0.156246656,0,33.98364775,0,293.7563596,1366.896934,31501864,56.29163731,1071140864,4467695616,7.398900819,1728057344,132.0284246,2.8E+14,2535165952,194176.7531,1728057344,50945.53153,0,2.8E+14,197.4957736,0,4012488,3218546688,1452.384234,0,1272.01103,63.69053813,1840,65.467349,690650.497,639704.9654,0,56688,12246,0,2321.855065,9.598574036,0,0,2331.453639,0,0,0.199970292,0,36.19462293,1000000000,36.39459322,2,0.199970292,36.19462293,0,0,0,0,0,420839424,28180480,166359040,0,1608773632,5770170368,0,0,22.4966579,1688.349179,1571068,24.69633111,138420224,131207168,1956.009415,38.99420702,138420224,2032,433549312,0,0,142524416,8507392,1004519424,0,0,46.63559381,12253765,1534,59101184,309.3540424,2690953216,17735680,24.69633111,407748608,29.69558842,15078.81714,96.13342674,24.49636082,82.89383035,395154.0959,0.000964078,165.6753873,0,7.498885966,169653,0.000605348,2893342.965,0.023619405,4.130781601,16131.13469,0.100304043,0.123923448,0.787313151,2498188.869,190.1717481,15214.36803,3.34346845,0.000651557,dos
0,0,0,0.850670758,0,72.30701444,0,100,0,0.077333705,0,27.60813279,0,124.0523681,955.8863641,31378656,11.88051411,982122496,4480679936,11.88051411,1799008256,143.3766896,2.78E+14,2553675776,36680.09726,1799008256,205015.7946,0,2.78E+14,193.643598,0,3723552,3115327488,3585.638161,0,219.9875195,23.76102821,1820,50.26690844,722973.1422,517957.3476,0,56584,12227,0,3052.302082,0,0,0,3052.302082,0,0,0,0,47.12603929,1000000000,47.12603929,2,0,47.12603929,0,0,0,0,0,419332096,2093056,166359040,0,1466265600,5770170368,1069.543282,0,6.534282758,4073.036252,1431900,9.009389863,146386944,131469312,4194.811522,74.35221744,146386944,1845,308588544,0,0,142528512,8507392,1013055488,0,0,49.16084168,12253625,1398,168280064,161.4759876,2836664320,17735680,9.009389863,405504000,6.039261337,110434.4615,99.584645,4.653201358,82.89383035,21239.19108,0.001569523,2.57411139,0,0,169653,0.001852604,305509.7963,0.007302044,0.402334232,4564.425532,0.004767983,0.012070027,0.243401465,284270.6052,7.227312748,42271.56164,0.158932767,0.001670347,dos
1,0,0,1.953685004,0,53.21837952,0,100,0,0.547031801,0,46.8102927,0,344.5022448,1987.389837,33295624,19.20570006,1242730496,4850585600,199.7592866,2185883648,106.436759,2.8E+14,3051073536,170386.9691,2185883648,940640.3727,0,2.8E+14,195.3685004,0,4360776,3463962624,3936.668364,0,1554.861467,218.9649866,1974,88.93174139,1075055.166,134414.793,0,58198,12213,0,3040.902509,8.402493776,0,0,3049.305003,0,0,0.200059376,0,47.51410171,1000000000,47.71416109,2,0.200059376,47.51410171,0,0,0,0,0,425259008,6078464,166359040,0,1125326848,5770170368,992.8946812,0,54.31612048,3727.306227,1098952,252.8750508,154832896,137875456,4265.565977,953.883103,154832896,1097,1048576,0,0,141664256,8519680,976556032,0,0,57.41982333,12250299,1073,108396544,319.4948229,3313221632,17735680,252.8750508,411639808,164.3487771,9771.325975,93.84927796,81.62422525,82.87721767,1741163.16,0.001214518,271.8806915,0,1.800534381,169619,0.000993852,4397798.022,0.099133076,12.31131392,21331.45098,0.270206362,0.369339437,3.304436184,2656634.863,353.5049167,12440.55688,9.006878732,0.001044804,dos
2,0,0,1.642300541,0,51.22413591,0,100,0,1.32948139,0,48.72158271,0,385.9952244,2157.909505,33286848,108.1106956,1238224896,4852748288,129.3324248,2184249344,102.4482718,2.8E+14,3062173696,134617.7364,2184249344,627298.9977,0,2.8E+14,193.6350542,0,4401018,3443834880,2755.921816,0,1363.5962,237.4431204,1961,91.1867824,724846.9781,97547.98035,0,58177,12213,0,4099.497517,1166.494385,0,0,5265.991902,0,0,11.21147955,0,56.55791021,1000000000,67.76938976,2,11.21147955,56.55791021,0,0,0,0,0,425095168,17977344,166359040,0,1018421248,5770170368,3130.605458,0,43.94499572,1815.759174,994552,201.5063243,157151232,138416128,3061.334531,1227.356703,157151232,933,929792,0,0,141340672,8519680,858173440,0,0,59.35950956,12254587,971,109416448,202.0068368,3425144832,17735680,201.5063243,411525120,113.6163329,8680.068466,96.17421078,45.94704564,82.87721767,980716.1651,0.000995206,152.0556913,0,0.800819968,169619,0.00099572,2300569.977,0.045726622,6.571033031,21344.48802,0.151404359,0.197130981,1.524221071,1319853.812,198.002737,11618.87968,5.046811959,0.000995601,dos
0,76.95802969,0,0.078205209,0,12.4346282,76.95802969,19.91786616,117.4209201,0,0,7.273084421,0,24.02474068,494.8095549,30628248,9.509793185,859983872,4725788672,10.1104117,1884856320,24.86925641,2.54E+14,2768269312,4059.38035,1884856320,12246.61156,0,2.54E+14,200.0489242,0,2719128,3008794624,2142.306147,0,91.59432383,19.62020489,1431,175.1796678,14992.23901,2745.627447,0,50751,10791,0,2580.757664,162.1669996,0,0,2742.924664,0,0,3.003092585,0,4.604741963,1000000000,7.607834548,3,3.003092585,4.604741963,0,0,0,0,0,123691008,216989696,199274496,0,613822464,5770170368,0,0,0,1600.848554,599436,0,114122752,96002048,2143.006868,578.6959411,114122752,1794,77414400,0,0,185585664,7270400,133832704,0,0,70.81554843,12263391,585,15159296,0,4086177792,18079744,0,103403520,0,21299.2,99.99077454,0.100103086,81.80032541,6560.355854,0.0005881,1.001030862,0,0.200206172,167415,0.00040477,27881.51238,5.89E-05,0.015468865,65536,0.000405186,0.000464056,0.001962012,21321.15653,1.101133948,25320.72727,0.013505852,0.000421436,ddos
0,83.46289078,0,0,0,7.659863464,83.46289078,13.78745509,118.4187198,0.234485616,0,6.331111639,0,22.68442986,397.1274197,30628232,15.18957418,878743552,4725817344,11.49211204,1903063040,15.31972693,2.54E+14,2768269312,6973.413588,1903063040,9361.774265,0,2.54E+14,199.3127738,0,2720080,3027546112,1722.517698,0,153.5945758,26.68168622,1436,183.9930469,13138.98167,3777.2074,0,50777,10791,0,2531.562386,181.0757133,0,0,2712.638099,0,0,3.397667909,0,4.396981999,1000000000,7.794649908,3,3.397667909,4.396981999,0,0,0,0,0,123691008,198262784,199274496,0,595021824,5770170368,0,0,0,1208.970187,581076,0,114196480,96002048,1723.616944,552.820555,114196480,1788,77414400,0,0,185585664,7270400,133758976,0,0,71.12163908,12263339,567,15200256,1.798765363,4103839744,18079744,0,103403520,0,17408,100.0990287,0.099931409,81.80032541,6549.104825,0.0006031,1.199176909,0,0.099931409,167415,0.000254217,27424.37646,6.03E-05,0.012184748,65536,0.000305204,0.000365542,0.002011949,20875.27163,1.299108318,21110.15385,0.010173799,0.000281054,ddos
0,84.76735161,0,0.156004332,0,7.254201446,84.76735161,13.33959348,140.4420017,0,0,5.928164623,0,29.48782241,410.0306696,30636296,15.29368417,900370432,4725854208,14.19413825,1928810496,14.50840289,2.54E+14,2768281600,5775.115051,1928810496,10867.91188,0,2.54E+14,199.3735365,0,2721960,3049197568,1544.262266,0,131.8455517,29.48782241,1441,184.8651336,13940.64293,3072.731054,0,50921,10780,0,2986.866514,458.810525,0,0,3445.677039,0,0,4.698059842,0,6.197440643,1000000000,10.89550049,3,4.698059842,6.197440643,0,0,0,0,0,123695104,172552192,199274496,0,569421824,5770170368,0,0,0.19991744,981.894507,556076,1.699298241,114130944,96010240,1545.461771,601.5515772,114130944,1733,77471744,0,0,185585664,7270400,133812224,0,0,71.56920437,12263412,543,18751488,0.4997936,4129665024,18079744,1.699298241,103403520,0.59975232,12629.33333,99.84074878,0.29987616,81.80032541,13511.22027,0.000595833,1.799256961,0,0,167415,0.000620744,36234.63618,0.000178469,0.043135073,45056,0.001115583,0.001294052,0.005948632,22723.41591,2.099133121,17261.71429,0.037186441,0.000617186,ddos
3,46.76085946,0,0.234729691,0,4.303377662,46.76085946,49.37663005,222.6651263,0.704189072,0,44.91161414,0,123.8142418,1259.697124,32946184,69.27582273,606007296,4780146688,68.07276937,2072350720,8.606755324,2.58E+14,2942414848,26038.28543,2072350720,16293.05193,0,2.58E+14,197.798886,0,3299856,2132332544,1521.36123,0,848.9546554,137.3485921,1638,189.1921307,24318.6209,8025.568974,0,56740,11212,0,3355.716843,9902.933745,0,0,13258.65059,0,0,26.86819174,0,27.46971842,1000000000,54.33791016,5,26.86819174,27.46971842,0,0,0,0,0,220549120,709496832,279379968,0,1824464896,5770170368,0,0,0.802035574,374.2498499,1781704,3.408651191,74444800,112844800,1607.279291,1276.339362,74444800,14400,605667328,0,0,202502144,40960,306798592,0,0,59.53810975,12261191,1739,38883328,29.67531625,3435450368,28155904,3.408651191,159555584,0,11751.61905,99.36436352,0.401017787,81.82866468,12319.26642,0.000532075,6.316030148,0,0.200508894,167473,0.002570248,86542.84661,0.000213152,0.547673568,30720,0.016217065,0.016430217,0.007104736,74223.58019,6.717047935,12884.0597,0.540568832,0.002448566,injection
1,88.64871423,0,0.311920464,0,1.481622205,88.64871423,6.89174142,246.7417611,0.077980116,0,5.380628008,0,70.76857144,594.2962967,33018288,57.49322588,588103680,4787163136,60.68729399,2074804224,2.96324441,2.6E+14,2944061440,10628.06199,2074804224,52199.058,0,2.6E+14,200.0969778,0,3306200,2118680576,1556.908572,0,204.8196172,118.1805199,1644,197.1337334,57624.58193,5425.523934,0,56939,11211,0,187.7513158,35.73363692,0,0,223.4849527,0,0,0.199629257,0,1.996292565,1000000000,2.195921822,5,0.199629257,1.996292565,0,0,0,0,0,220901376,539533312,279379968,0,1691115520,5770170368,0,0,0.099814628,398.1605521,1651480,0.099814628,74690560,113635328,1558.60542,1231.812327,74690560,14400,641638400,0,0,202579968,24576,307363840,0,0,61.93366662,12261165,1612,39342080,1.097960911,3573678080,28176384,0.099814628,159891456,2.994438848,10315.54098,99.75287714,0.099814628,81.82866468,1635.362869,0.000258,12.17738465,0,0.998146283,167473,0.000611791,127251.6733,2.58E-05,0.249192011,16384,0.007450008,0.00747576,0.000858405,125616.3104,12.27719928,10364.87805,0.248333606,0.000608915,injection
0,87.37538868,0,0.156536975,0,1.330564284,87.37538868,7.877990484,188.8452374,0,0,6.574552931,0,58.9076921,527.6646501,33018056,55.20091555,578928640,4787175424,55.60164815,2074689536,2.661128567,2.6E+14,2944163840,7037.866275,2074689536,11881.5212,0,2.6E+14,198.8019577,0,3305560,2109120512,1552.337907,0,150.3749079,110.8025637,1646,196.1408291,17107.87576,5226.35456,0,56914,11211,0,148.9723438,75.93882757,0,0,224.9111714,0,0,0.500915749,0,1.502747247,1000000000,2.003662997,5,0.500915749,1.502747247,0,0,0,0,0,220901376,540344320,279379968,0,1692217344,5770170368,0,0,0,402.1351634,1652556,0,74690560,113635328,1552.43809,1214.319959,74690560,14400,641855488,0,0,202579968,24576,307437568,0,0,61.93558324,12261123,1613,39276544,0.10018315,3573788672,28176384,0,159891456,0,27852.8,99.99301319,0,81.82866468,0,0,0.500915749,0,0,167473,0.00046654,13951.90618,0,0.007790282,0,0.000233698,0.000233698,0,13951.90618,0.500915749,27852.8,0.007790282,0.00046654,injection
5,69.05782334,0,0.156296823,0,3.985568997,69.05782334,25.60271206,294.9974731,0.703335705,0,21.64711004,0,124.9412831,1043.344742,32947648,69.82307094,577880064,4780150784,66.52198019,2072072192,7.971137994,2.58E+14,2942414848,28490.61387,2072072192,13803.66101,0,2.58E+14,198.3406689,0,3304744,2099228672,1552.112849,0,929.0069625,136.3450511,1632,190.3695309,22068.2918,8264.630799,0,56725,11211,0,3571.980254,8128.68588,0,0,11700.66613,0,0,27.50908955,0,32.01057693,1000000000,59.51966649,5,27.50908955,32.01057693,0,0,0,0,0,221024256,429973504,279379968,0,1581649920,5770170368,0,0,0.500165265,408.4349551,1544580,1.200396635,75096064,114159616,1584.023393,1216.802056,75096064,14400,641884160,0,0,202604544,24576,307187712,0,0,64.20975443,12261132,1508,39337984,28.90955229,3705012224,28176384,1.200396635,160014336,0,21650.28571,99.98221467,0,81.82866468,0,0,0.70023137,0,0,167473,0.0005778,15160.20924,0,0.01348604,0,0.000404581,0.000404581,0,15160.20924,0.70023137,21650.28571,0.01348604,0.0005778,injection
5,38.48315912,0,1.249962489,0,19.99939982,38.48315912,56.9544168,151.1696529,3.124906222,0,36.79577076,0,391.1802402,1305.401477,33203288,141.3651354,573075456,4797800448,126.8584513,2076839936,39.99879964,2.62E+14,2946969600,130352.1611,2076839936,20006.61825,0,2.62E+14,191.2442608,0,3322808,2105446400,2039.539738,0,4514.580138,268.2235867,1653,151.2454611,42681.76605,22675.1478,0,57134,11211,0,20401.60024,51897.61234,0,0,72299.21259,0,0,164.8759683,0,175.8810389,1000000000,340.7570072,5,164.8759683,175.8810389,0,0,0,0,0,224292864,332996608,279379968,0,1486848000,5770170368,0,0,2.801290723,470.6168414,1452000,4.201936084,75661312,115118080,2229.527277,1657.263601,75661312,14400,642535424,0,0,202592256,16384,308723712,0,0,65.51880305,12261140,1417,47116288,166.676798,3780546560,28196864,4.201936084,163307520,0,18692.71166,99.71607852,0.200092194,81.82866468,6556.621029,0.00089535,16.30751385,0,0.300138292,167473,0.000422003,311388.2753,0.000179065,0.23524994,32768,0.006878444,0.007057508,0.005968821,304831.6542,16.50760604,18863.32121,0.229281119,0.000427741,injection
1,79.19040622,0,0.078122837,0,1.484333899,79.19040622,16.01795046,199.7908862,0,0,14.60897048,0,55.26981494,658.7402356,33016320,52.87112496,576708608,4787204096,55.66959661,2073739264,2.968667798,2.6E+14,2944061440,8976.497576,2073739264,11866.919,0,2.6E+14,199.6819708,0,3304952,2098032640,1591.930583,0,191.3954713,108.5407216,1631,196.713303,17099.66119,5232.74219,0,56859,11211,0,369.2983114,130.7286039,0,0,500.0269153,0,0,0.899508742,0,3.09830789,1000000000,3.997816632,5,0.899508742,3.09830789,0,0,0,0,0,224542720,286900224,279379968,0,1444761600,5770170368,0,0,0.099945416,400.1814449,1410900,0.099945416,75259904,116142080,1599.226598,1265.808691,75259904,14400,642416640,0,0,202772480,4096,312672256,0,0,66.58408655,12261002,1377,48222208,6.896233691,3842015232,28217344,0.099945416,163561472,3.09830789,14375.38462,99.77201031,0,81.82866468,0,0,1.299290406,0,0,167473,0.006455738,18677.79931,0,0.279741254,0,0.008392228,0.008392228,0,18677.79931,1.299290406,14375.38462,0.279741254,0.006455738,injection
3,76.5944096,0,0,0,4.46014107,76.5944096,17.13527381,231.2974004,0.469488534,0,12.59794232,0,159.9439563,663.4266858,33018776,72.85667683,570449920,4787228672,71.55387518,2074894336,8.920282139,2.6E+14,2944176128,30561.12108,2074894336,8449.871279,0,2.6E+14,198.9066421,0,3314912,2092052480,1769.906148,0,1011.876019,144.410552,1640,189.9863599,17161.80612,8711.934842,0,56896,11211,0,4666.735722,9673.903536,0,0,14340.63926,0,0,36.67887719,0,43.59374748,1000000000,80.27262467,5,36.67887719,43.59374748,0,0,0,0,0,224714752,276885504,279379968,0,1432875008,5770170368,0,0,0.501077557,469.4094556,1399292,0.501077557,74612736,116113408,1806.284378,1370.64755,74612736,14400,642367488,0,0,202772480,4096,310849536,0,0,66.57996936,12261010,1366,48091136,32.06896366,3841777664,28217344,0.501077557,163721216,3.307111878,16969.14286,99.93212924,0,81.82866468,0,0,0.70150858,0,0,167473,0.000434571,11903.99931,0,0.010155976,0,0.000304679,0.000304679,0,11903.99931,0.70150858,16969.14286,0.010155976,0.000434571,injection
0,72.35433687,0,0,0,25.07677085,72.35433687,26.33210307,142.7930089,0,0,1.249932504,0,30.99848231,613.6699547,24506640,2.199892293,1689849856,5671649280,1.199941251,3225640960,50.15354171,1.57E+14,4210933760,3254.940638,3225640960,156.392343,0,1.57E+14,199.9892006,0,2543840,1887391744,675.7669145,0,58.59713108,3.399833544,993,149.8356589,402.3802995,245.9879564,0,39521,6083,0,4827.563642,269.9867814,0,0,5097.550424,0,0,5.099750316,0,6.699671984,1000000000,11.7994223,1,5.099750316,6.699671984,0,0,0,0,0,105779200,2633728,123113472,0,561246208,4662874112,0,0,0,839.358905,548092,0,1748992,91107328,675.7669145,20.49899637,1748992,1074,147931136,0,0,186429440,516096,224251904,0,0,89.29933933,12208950,535,33026048,0,4163915776,18178048,0,30851072,0,9216,99.99347435,0,83.15963315,0,0,0.399980417,0,0,170197,0.00045585,3686.219523,0,0.006077672,0,0.00018233,0.00018233,0,3686.219523,0.399980417,9216,0.006077672,0.00045585,normal
0,59.59155607,0,0,0,30.00042091,59.59155607,37.7335014,1022.214567,0.078126096,0,7.734483515,0,38.90055433,2953.742091,24508240,3.600051301,1702764544,5674012672,0.500007125,3194060800,60.00084181,1.57E+14,4214611968,6499.792622,3194060800,6603.094094,0,1.57E+14,199.8465538,0,2543184,1899200512,8923.127155,0,104.1014834,4.100058426,992,139.845712,7528.107276,925.0131814,0,39514,6082,0,4673.166593,266.2037934,0,0,4939.370386,0,0,4.900069826,0,6.900098326,1000000000,11.80016815,1,4.900069826,6.900098326,0,0,0,0,0,105779200,25845760,123113472,0,560291840,4662874112,0,103.0014678,0.20000285,2777.839584,547160,104.5014891,1748992,90886144,8930.927266,6056.086299,1748992,971,124407808,2.800039901,0,186236928,516096,223801344,0,0,88.64939031,12208738,534,8343552,1.80002565,4133609472,18178048,1.500021375,27054080,0,127096.4706,99.92512795,0.20000285,83.15963315,6144.087553,0.0012408,3.400048451,0,0,170197,0.000753012,438278.2455,0.000248163,0.093614313,30720,0.002560276,0.002808439,0.008272116,432134.1579,3.600051301,121742.2222,0.085342197,0.000780111,normal
0,72.95044388,0,0.078128426,0,22.96975722,72.95044388,25.85612379,277.4123171,0.078128426,0,2.890751759,0,38.10169172,1391.66179,24509040,2.700119885,1690755072,5674012672,4.800213129,3204911104,45.00197334,1.57E+14,4214611968,10604.07082,3204911104,8737.587949,0,1.57E+14,197.6649176,0,2548464,1888780288,1282.056923,0,231.4102746,7.500333015,1002,152.6629443,8984.598916,247.0109673,0,39551,6082,0,4932.819017,258.0114557,0,0,5190.830473,0,0,4.800213129,0,8.700386297,1000000000,13.50059943,1,4.800213129,8.700386297,0,0,0,0,0,105783296,3825664,123113472,0,572370944,4662874112,0,7.400328575,3.500155407,1467.965178,558956,46.90208245,1941504,91705344,2384.605877,1043.846347,1941504,1039,163082240,0.300013321,0,185794560,516096,219668480,0,0,88.89245139,12208869,545,7233536,5.30023533,4144943104,18178048,39.50175388,30195712,48.00213129,16489.02564,99.90832098,4.100182048,83.15963315,167943.4567,0.000428351,3.900173168,0,0.900039962,170197,0.000351738,232253.5121,0.001756317,0.104271572,40960,0.00137184,0.003128157,0.058544567,64310.05537,8.000355216,29030.4,0.045728005,0.000391003,normal
0,72.05334673,0,0,0,23.90613047,72.05334673,26.25036875,514.9970748,0.156249219,0,2.343738281,0,31.89981881,920.4947716,24508464,0,1665839104,5674012672,0.099999432,3211923456,47.81226094,1.57E+14,4214611968,3667.779167,3211923456,6553.562776,0,1.57E+14,199.6865016,0,2545672,1865695232,998.594328,0,57.39967397,0.099999432,1000,151.8742406,6553.562776,0,0,39532,6082,0,4837.97252,273.3984471,0,0,5111.370967,0,0,5.099971032,0,7.399957968,1000000000,12.499929,1,5.099971032,7.399957968,0,0,0,0,0,105783296,2203648,123113472,0,598343680,4662874112,0,11.69993354,0.299998296,958.5945552,584320,13.99992048,1933312,91594752,999.1943246,181.7989674,1933312,1090,192290816,0.899994888,0,185786368,516096,218062848,0,0,89.0408179,12208804,570,15138816,0,4151861248,18178048,2.299986936,30216192,0,34950.73684,99.96106019,0.299998296,83.15963315,9420.74649,0.001320067,1.899989208,0,0,170197,0.000480616,75826.7693,0.000396018,0.043639782,31402.66667,0.000913165,0.001309183,0.013199934,66406.02281,2.199987504,34466.90909,0.030438848,0.000595086,normal
0,67.5532098,0,0.078124748,0,25.78116673,67.5532098,30.0002261,620.394981,0.156249495,0,4.218736373,0,130.7989418,1260.289804,24847104,7.399940134,1688240128,5703032832,3.899968449,3228684288,51.56233345,1.59E+14,4221997056,32204.03947,3228684288,8014.535162,0,1.59E+14,199.5306055,0,2575000,1941368832,4306.265162,0,475.6961516,11.29990858,1036,147.9682721,17351.95962,9337.42446,0,40237,6081,0,5856.852618,625.7949373,0,0,6482.647555,0,0,6.799944988,0,9.199925573,1000000000,15.99987056,2,6.799944988,9.199925573,0,0,0,0,0,105390080,6012928,123113472,0,571514880,4662874112,0,745.2939706,66.39946283,1004.391874,558120,1160.090615,1961984,91897856,4587.862884,3060.075244,1961984,1117,174948352,23.89980665,0,181948416,761856,208605184,0,0,89.43233334,12208808,545,167936,27.19977995,4170117120,18178048,414.7966443,38985728,48.49960764,112462.4818,98.69009523,62.99949033,83.15963315,1655129.01,0.000600977,27.39977834,0,2.899976539,170197,0.000433092,4736576.081,0.037861458,1.657604646,26272.10159,0.011866692,0.049728149,1.262048924,3081447.071,90.39926867,52396.17699,0.395556722,0.000550092,normal
0,72.43336871,0,0,0,25.07801792,72.43336871,26.17219024,144.7001288,0.078124666,0,1.09374533,0,33.00002937,580.5005166,24847056,0,1702297600,5703032832,0.900000801,3236245504,50.15603583,1.59E+14,4221997056,3275.002915,3236245504,21708.81932,0,1.59E+14,199.8428967,0,2573912,1955840000,747.8006655,0,61.00005429,0.900000801,1030,149.6868608,21708.81932,0,0,40213,6081,0,4867.804332,294.400262,0,0,5162.204594,0,0,5.400004806,0,8.100007209,1000000000,13.50001202,2,5.400004806,8.100007209,0,0,0,0,0,105406464,2166784,123113472,0,550785024,4662874112,0,0,0.200000178,684.1006088,537876,0.200000178,1994752,91930624,751.2006686,196.9001752,1994752,1069,170729472,0,0,181940224,761856,195948544,0,0,89.57657125,12208783,525,2195456,1.600001424,4176842752,18178048,0.200000178,39059456,0,16896,99.96361016,0.200000178,83.15963315,819.2007291,0.00031865,1.600001424,0,0,170197,0.000651688,27852.82479,6.37E-05,0.036880843,4096,0.001042696,0.001106425,0.002123991,27033.62406,1.800001602,15473.77778,0.034756852,0.000614683,normal
